timestamp,light_intensity,temperature,dust_level,actual_power
2026-02-01 06:00,-12,21.9,0.036,0.0
2026-02-01 06:15,19,21.5,0.049,0.04
2026-02-01 06:30,-38,22.3,0.051,0.0
2026-02-01 06:45,-7,22.4,0.048,0.0
2026-02-01 07:00,901,28.1,0.061,1.74
2026-02-01 07:15,889,27.2,0.051,1.73
2026-02-01 07:30,901,27.9,0.068,1.74
2026-02-01 07:45,861,28.4,0.06,1.65
2026-02-01 08:00,1766,34.3,0.04,3.35
2026-02-01 08:15,1801,33.1,0.05,3.44
2026-02-01 08:30,1744,33.5,0.052,3.32
2026-02-01 08:45,1697,32.4,0.048,3.25
2026-02-01 09:00,2440,38.5,0.07,4.61
2026-02-01 09:15,2408,38.9,0.056,4.54
2026-02-01 09:30,2488,38.3,0.05,4.71
2026-02-01 09:45,2480,38.3,0.043,4.69
2026-02-01 10:00,2982,42.3,0.062,5.62
2026-02-01 10:15,3003,42.2,0.066,5.66
2026-02-01 10:30,2945,42.3,0.075,5.54
2026-02-01 10:45,3026,43.3,0.092,5.69
2026-02-01 11:00,3394,44.7,0.077,6.39
2026-02-01 11:15,3348,45.2,0.078,6.29
2026-02-01 11:30,3323,43.9,0.059,6.27
2026-02-01 11:45,3428,45.5,0.073,6.45
2026-02-01 12:00,3539,45.4,0.075,6.67
2026-02-01 12:15,3502,45.5,0.071,6.59
2026-02-01 12:30,3535,46.1,0.069,6.65
2026-02-01 12:45,3529,46.3,0.073,6.63
2026-02-01 13:00,3390,44.2,0.07,6.4
2026-02-01 13:15,3360,44.4,0.067,6.33
2026-02-01 13:30,3404,44.8,0.062,6.41
2026-02-01 13:45,3339,44.2,0.093,6.29
2026-02-01 14:00,3003,42.6,0.063,5.65
2026-02-01 14:15,2954,42.1,0.068,5.57
2026-02-01 14:30,3107,42.5,0.076,5.86
2026-02-01 14:45,2916,41.3,0.098,5.51
2026-02-01 15:00,2498,38.5,0.079,4.73
2026-02-01 15:15,2502,38.8,0.099,4.73
2026-02-01 15:30,2457,38.4,0.095,4.65
2026-02-01 15:45,2376,38.6,0.09,4.48
2026-02-01 16:00,1717,33.6,0.1,3.26
2026-02-01 16:15,1651,32.8,0.082,3.15
2026-02-01 16:30,1736,33.6,0.079,3.3
2026-02-01 16:45,1742,33.0,0.073,3.32
2026-02-01 17:00,961,28.4,0.088,1.85
2026-02-01 17:15,830,27.5,0.104,1.61
2026-02-01 17:30,905,28.4,0.08,1.74
2026-02-01 17:45,834,27.2,0.079,1.62
2026-02-01 18:00,70,22.4,0.084,0.14
2026-02-01 18:15,-45,22.1,0.089,0.0
2026-02-01 18:30,-47,22.7,0.088,0.0
2026-02-01 18:45,45,22.3,0.084,0.09
2026-02-01 19:00,7,22.3,0.081,0.01
2026-02-01 19:15,2,22.1,0.108,0.0
2026-02-01 19:30,3,21.6,0.091,0.01
2026-02-01 19:45,0,22.6,0.089,0.0
2026-02-01 20:00,8,22.1,0.098,0.02
2026-02-01 20:15,3,22.2,0.09,0.01
2026-02-01 20:30,6,21.7,0.083,0.01
2026-02-01 20:45,7,21.6,0.088,0.01
2026-02-01 21:00,4,23.4,0.089,0.01
2026-02-01 21:15,6,21.9,0.092,0.01
2026-02-01 21:30,7,22.5,0.104,0.01
2026-02-01 21:45,5,21.4,0.088,0.01
2026-02-01 22:00,0,21.8,0.099,0.0
2026-02-01 22:15,3,21.5,0.098,0.01
2026-02-01 22:30,4,22.0,0.1,0.01
2026-02-01 22:45,1,22.3,0.092,0.0
2026-02-01 23:00,0,22.6,0.117,0.0
2026-02-01 23:15,3,21.7,0.104,0.01
2026-02-01 23:30,3,22.1,0.114,0.01
2026-02-01 23:45,7,21.6,0.119,0.01
2026-02-02 00:00,2,22.1,0.092,0.0
2026-02-02 00:15,7,21.7,0.104,0.01
2026-02-02 00:30,7,22.9,0.112,0.01
2026-02-02 00:45,4,22.4,0.105,0.01
2026-02-02 01:00,4,22.0,0.093,0.01
2026-02-02 01:15,9,21.2,0.107,0.02
2026-02-02 01:30,6,21.7,0.097,0.01
2026-02-02 01:45,0,21.9,0.127,0.0
2026-02-02 02:00,0,22.1,0.111,0.0
2026-02-02 02:15,0,22.0,0.096,0.0
2026-02-02 02:30,8,21.7,0.117,0.02
2026-02-02 02:45,9,22.6,0.119,0.02
2026-02-02 03:00,9,22.0,0.121,0.02
2026-02-02 03:15,1,22.1,0.114,0.0
2026-02-02 03:30,5,21.1,0.121,0.01
2026-02-02 03:45,3,21.3,0.13,0.01
2026-02-02 04:00,3,21.1,0.142,0.01
2026-02-02 04:15,4,21.6,0.136,0.01
2026-02-02 04:30,9,22.0,0.112,0.02
2026-02-02 04:45,8,21.5,0.13,0.02
2026-02-02 05:00,1,21.8,0.117,0.0
2026-02-02 05:15,2,22.3,0.098,0.0
2026-02-02 05:30,7,22.4,0.115,0.01
2026-02-02 05:45,9,21.6,0.133,0.02
2026-02-02 06:00,-31,21.4,0.147,0.0
2026-02-02 06:15,-3,21.5,0.141,0.0
2026-02-02 06:30,26,22.5,0.13,0.05
2026-02-02 06:45,-76,21.3,0.13,0.0
2026-02-02 07:00,905,28.5,0.127,1.74
2026-02-02 07:15,970,28.3,0.142,1.87
2026-02-02 07:30,910,27.7,0.139,1.77
2026-02-02 07:45,903,28.4,0.152,1.74
2026-02-02 08:00,1794,33.9,0.138,3.41
2026-02-02 08:15,1783,34.0,0.133,3.39
2026-02-02 08:30,1689,32.5,0.148,3.23
2026-02-02 08:45,1762,33.5,0.134,3.35
2026-02-02 09:00,2541,38.5,0.128,4.81
2026-02-02 09:15,2502,38.4,0.133,4.74
2026-02-02 09:30,2458,39.3,0.14,4.63
2026-02-02 09:45,2454,38.4,0.119,4.64
2026-02-02 10:00,3092,42.5,0.132,5.83
2026-02-02 10:15,3027,41.2,0.143,5.73
2026-02-02 10:30,3025,41.9,0.135,5.71
2026-02-02 10:45,3067,41.4,0.14,5.81
2026-02-02 11:00,3397,45.4,0.144,6.39
2026-02-02 11:15,3275,43.7,0.135,6.18
2026-02-02 11:30,3317,43.5,0.139,6.26
2026-02-02 11:45,3471,44.2,0.163,6.56
2026-02-02 12:00,3484,44.7,0.135,6.57
2026-02-02 12:15,3580,45.5,0.144,6.75
2026-02-02 12:30,3541,45.9,0.131,6.66
2026-02-02 12:45,3479,45.4,0.152,6.55
2026-02-02 13:00,3456,44.8,0.146,6.52
2026-02-02 13:15,3413,44.5,0.148,6.44
2026-02-02 13:30,3368,44.6,0.155,6.34
2026-02-02 13:45,3341,44.2,0.175,6.3
2026-02-02 14:00,2935,41.3,0.151,5.54
2026-02-02 14:15,3049,42.0,0.14,5.76
2026-02-02 14:30,2976,41.6,0.148,5.62
2026-02-02 14:45,2947,42.4,0.136,5.55
2026-02-02 15:00,2495,38.4,0.174,4.72
2026-02-02 15:15,2613,39.3,0.148,4.94
2026-02-02 15:30,2394,38.1,0.171,4.53
2026-02-02 15:45,2519,38.4,0.128,4.77
2026-02-02 16:00,1686,33.4,0.157,3.2
2026-02-02 16:15,1746,32.9,0.163,3.33
2026-02-02 16:30,1739,34.1,0.168,3.3
2026-02-02 16:45,1670,33.3,0.167,3.17
2026-02-02 17:00,870,27.3,0.174,1.69
2026-02-02 17:15,918,28.5,0.157,1.77
2026-02-02 17:30,887,27.2,0.16,1.73
2026-02-02 17:45,973,29.1,0.164,1.86
2026-02-02 18:00,0,22.1,0.159,0.0
2026-02-02 18:15,54,22.4,0.157,0.11
2026-02-02 18:30,-38,22.0,0.19,0.0
2026-02-02 18:45,-58,21.6,0.158,0.0
2026-02-02 19:00,0,21.8,0.176,0.0
2026-02-02 19:15,2,21.4,0.166,0.0
2026-02-02 19:30,9,21.7,0.178,0.02
2026-02-02 19:45,4,22.4,0.155,0.01
2026-02-02 20:00,4,21.7,0.159,0.01
2026-02-02 20:15,2,22.4,0.184,0.0
2026-02-02 20:30,6,22.1,0.163,0.01
2026-02-02 20:45,3,22.3,0.167,0.01
2026-02-02 21:00,3,21.6,0.166,0.01
2026-02-02 21:15,4,23.2,0.165,0.01
2026-02-02 21:30,9,22.4,0.177,0.02
2026-02-02 21:45,0,22.5,0.181,0.0
2026-02-02 22:00,4,22.4,0.174,0.01
2026-02-02 22:15,3,22.9,0.161,0.01
2026-02-02 22:30,2,22.5,0.193,0.0
2026-02-02 22:45,3,21.9,0.166,0.01
2026-02-02 23:00,5,21.1,0.198,0.01
2026-02-02 23:15,1,20.8,0.175,0.0
2026-02-02 23:30,8,21.6,0.185,0.02
2026-02-02 23:45,2,22.0,0.169,0.0
2026-02-03 00:00,7,21.9,0.181,0.01
2026-02-03 00:15,0,21.9,0.187,0.0
2026-02-03 00:30,0,22.0,0.194,0.0
2026-02-03 00:45,1,21.5,0.212,0.0
2026-02-03 01:00,3,22.1,0.203,0.01
2026-02-03 01:15,5,22.0,0.179,0.01
2026-02-03 01:30,9,21.7,0.179,0.02
2026-02-03 01:45,2,21.5,0.188,0.0
2026-02-03 02:00,8,21.8,0.205,0.02
2026-02-03 02:15,3,21.9,0.198,0.01
2026-02-03 02:30,7,22.0,0.186,0.01
2026-02-03 02:45,1,21.0,0.19,0.0
2026-02-03 03:00,6,22.3,0.198,0.01
2026-02-03 03:15,4,21.8,0.196,0.01
2026-02-03 03:30,6,22.4,0.177,0.01
2026-02-03 03:45,1,21.2,0.189,0.0
2026-02-03 04:00,1,22.3,0.199,0.0
2026-02-03 04:15,6,21.5,0.199,0.01
2026-02-03 04:30,6,21.9,0.201,0.01
2026-02-03 04:45,7,22.5,0.203,0.01
2026-02-03 05:00,9,22.6,0.206,0.02
2026-02-03 05:15,4,22.9,0.208,0.01
2026-02-03 05:30,5,22.1,0.204,0.01
2026-02-03 05:45,7,22.0,0.196,0.01
2026-02-03 06:00,54,21.8,0.202,0.11
2026-02-03 06:15,-87,21.4,0.211,0.0
2026-02-03 06:30,6,22.1,0.2,0.01
2026-02-03 06:45,88,22.1,0.209,0.18
2026-02-03 07:00,892,28.2,0.228,1.72
2026-02-03 07:15,940,28.9,0.234,1.8
2026-02-03 07:30,839,27.4,0.213,1.63
2026-02-03 07:45,844,27.4,0.227,1.64
2026-02-03 08:00,1754,33.4,0.213,3.34
2026-02-03 08:15,1705,33.2,0.217,3.25
2026-02-03 08:30,1728,33.2,0.199,3.29
2026-02-03 08:45,1875,33.8,0.202,3.57
2026-02-03 09:00,2452,38.8,0.198,4.63
2026-02-03 09:15,2502,38.2,0.23,4.74
2026-02-03 09:30,2503,39.3,0.23,4.72
2026-02-03 09:45,2499,38.3,0.199,4.73
2026-02-03 10:00,3073,41.9,0.218,5.81
2026-02-03 10:15,3062,42.4,0.219,5.78
2026-02-03 10:30,3020,41.0,0.226,5.72
2026-02-03 10:45,2985,41.9,0.24,5.63
2026-02-03 11:00,3386,44.9,0.218,6.37
2026-02-03 11:15,3296,44.6,0.218,6.2
2026-02-03 11:30,3405,43.9,0.223,6.43
2026-02-03 11:45,3321,43.4,0.224,6.27
2026-02-03 12:00,3523,45.8,0.219,6.63
2026-02-03 12:15,3538,45.0,0.233,6.68
2026-02-03 12:30,3429,45.2,0.231,6.45
2026-02-03 12:45,3584,46.3,0.198,6.74
2026-02-03 13:00,3373,44.6,0.219,6.35
2026-02-03 13:15,3454,45.1,0.232,6.51
2026-02-03 13:30,3328,43.8,0.213,6.28
2026-02-03 13:45,3389,44.5,0.221,6.39
2026-02-03 14:00,2970,41.7,0.242,5.61
2026-02-03 14:15,3060,43.1,0.214,5.76
2026-02-03 14:30,2954,41.7,0.217,5.57
2026-02-03 14:45,3047,42.2,0.231,5.75
2026-02-03 15:00,2494,38.1,0.238,4.73
2026-02-03 15:15,2474,38.4,0.216,4.68
2026-02-03 15:30,2469,38.2,0.206,4.67
2026-02-03 15:45,2433,38.1,0.234,4.6
2026-02-03 16:00,1796,34.4,0.232,3.4
2026-02-03 16:15,1703,33.7,0.241,3.23
2026-02-03 16:30,1782,33.3,0.231,3.4
2026-02-03 16:45,1718,33.6,0.225,3.26
2026-02-03 17:00,891,28.8,0.246,1.71
2026-02-03 17:15,853,27.4,0.257,1.66
2026-02-03 17:30,899,28.6,0.235,1.73
2026-02-03 17:45,883,27.7,0.256,1.71
2026-02-03 18:00,16,22.7,0.25,0.03
2026-02-03 18:15,13,22.4,0.225,0.03
2026-02-03 18:30,1,22.0,0.254,0.0
2026-02-03 18:45,44,22.9,0.245,0.09
2026-02-03 19:00,1,21.7,0.258,0.0
2026-02-03 19:15,2,22.2,0.244,0.0
2026-02-03 19:30,6,21.8,0.243,0.01
2026-02-03 19:45,0,22.5,0.234,0.0
2026-02-03 20:00,8,21.2,0.238,0.02
2026-02-03 20:15,6,21.3,0.257,0.01
2026-02-03 20:30,2,21.8,0.247,0.0
2026-02-03 20:45,3,21.3,0.242,0.01
2026-02-03 21:00,5,21.8,0.252,0.01
2026-02-03 21:15,4,22.2,0.251,0.01
2026-02-03 21:30,8,22.4,0.243,0.02
2026-02-03 21:45,0,21.9,0.256,0.0
2026-02-03 22:00,4,22.1,0.254,0.01
2026-02-03 22:15,8,21.0,0.259,0.02
2026-02-03 22:30,2,22.2,0.264,0.0
2026-02-03 22:45,7,21.9,0.271,0.01
2026-02-03 23:00,6,22.0,0.252,0.01
2026-02-03 23:15,8,22.5,0.248,0.02
2026-02-03 23:30,7,21.7,0.264,0.01
2026-02-03 23:45,6,21.1,0.262,0.01
2026-02-04 00:00,4,22.7,0.255,0.01
2026-02-04 00:15,2,21.6,0.261,0.0
2026-02-04 00:30,4,21.7,0.253,0.01
2026-02-04 00:45,8,21.9,0.239,0.02
2026-02-04 01:00,9,22.1,0.252,0.02
2026-02-04 01:15,1,22.4,0.259,0.0
2026-02-04 01:30,2,23.0,0.282,0.0
2026-02-04 01:45,0,21.8,0.277,0.0
2026-02-04 02:00,3,21.6,0.26,0.01
2026-02-04 02:15,7,22.6,0.279,0.01
2026-02-04 02:30,9,21.4,0.286,0.02
2026-02-04 02:45,7,22.1,0.273,0.01
2026-02-04 03:00,6,21.9,0.263,0.01
2026-02-04 03:15,2,21.9,0.272,0.0
2026-02-04 03:30,2,21.2,0.274,0.0
2026-02-04 03:45,3,22.2,0.281,0.01
2026-02-04 04:00,1,22.7,0.288,0.0
2026-02-04 04:15,0,21.7,0.287,0.0
2026-02-04 04:30,2,22.6,0.284,0.0
2026-02-04 04:45,9,22.9,0.273,0.02
2026-02-04 05:00,5,22.1,0.291,0.01
2026-02-04 05:15,5,22.0,0.277,0.01
2026-02-04 05:30,5,22.0,0.277,0.01
2026-02-04 05:45,5,21.6,0.288,0.01
2026-02-04 06:00,-15,21.4,0.276,0.0
2026-02-04 06:15,-33,21.2,0.277,0.0
2026-02-04 06:30,-57,21.2,0.287,0.0
2026-02-04 06:45,44,23.1,0.274,0.09
2026-02-04 07:00,984,27.7,0.286,1.91
2026-02-04 07:15,880,27.3,0.284,1.71
2026-02-04 07:30,912,27.4,0.281,1.78
2026-02-04 07:45,843,28.5,0.275,1.62
2026-02-04 08:00,1784,32.9,0.271,3.41
2026-02-04 08:15,1796,34.9,0.292,3.39
2026-02-04 08:30,1712,33.7,0.309,3.24
2026-02-04 08:45,1752,34.6,0.288,3.31
2026-02-04 09:00,2604,40.0,0.296,4.91
2026-02-04 09:15,2447,38.9,0.285,4.62
2026-02-04 09:30,2493,38.7,0.295,4.71
2026-02-04 09:45,2527,37.9,0.301,4.79
2026-02-04 10:00,3067,42.5,0.3,5.78
2026-02-04 10:15,3055,41.9,0.294,5.77
2026-02-04 10:30,3042,42.0,0.291,5.74
2026-02-04 10:45,3036,42.3,0.307,5.72
2026-02-04 11:00,3435,44.6,0.31,6.46
2026-02-04 11:15,3284,43.7,0.301,6.19
2026-02-04 11:30,3418,44.9,0.328,6.4
2026-02-04 11:45,3339,43.1,0.304,6.31
2026-02-04 12:00,3433,44.4,0.303,6.47
2026-02-04 12:15,3532,46.8,0.292,6.63
2026-02-04 12:30,3523,44.8,0.304,6.64
2026-02-04 12:45,3518,45.1,0.31,6.62
2026-02-04 13:00,3390,43.9,0.317,6.38
2026-02-04 13:15,3358,44.3,0.311,6.31
2026-02-04 13:30,3365,43.9,0.314,6.33
2026-02-04 13:45,3420,44.7,0.302,6.44
2026-02-04 14:00,3033,41.4,0.309,5.72
2026-02-04 14:15,3008,43.1,0.303,5.65
2026-02-04 14:30,3038,42.5,0.301,5.73
2026-02-04 14:45,2978,41.6,0.302,5.62
2026-02-04 15:00,2537,38.9,0.313,4.78
2026-02-04 15:15,2484,38.9,0.334,4.64
2026-02-04 15:30,2428,37.3,0.303,4.61
2026-02-04 15:45,2550,38.4,0.314,4.81
2026-02-04 16:00,1750,33.9,0.306,3.31
2026-02-04 16:15,1767,33.8,0.313,3.34
2026-02-04 16:30,1706,33.1,0.314,3.23
2026-02-04 16:45,1756,33.2,0.293,3.35
2026-02-04 17:00,864,27.6,0.305,1.67
2026-02-04 17:15,969,28.9,0.33,1.81
2026-02-04 17:30,946,28.7,0.319,1.79
2026-02-04 17:45,939,27.5,0.311,1.81
2026-02-04 18:00,-20,22.6,0.317,0.0
2026-02-04 18:15,7,22.0,0.3,0.01
2026-02-04 18:30,29,22.5,0.331,0.01
2026-02-04 18:45,-38,21.9,0.331,0.0
2026-02-04 19:00,1,22.1,0.318,0.0
2026-02-04 19:15,4,22.8,0.316,0.0
2026-02-04 19:30,4,22.1,0.315,0.0
2026-02-04 19:45,0,21.5,0.313,0.0
2026-02-04 20:00,0,22.4,0.324,0.0
2026-02-04 20:15,6,21.5,0.332,0.0
2026-02-04 20:30,9,22.2,0.344,0.0
2026-02-04 20:45,3,21.9,0.328,0.0
2026-02-04 21:00,3,22.2,0.333,0.0
2026-02-04 21:15,7,22.5,0.331,0.0
2026-02-04 21:30,4,22.7,0.331,0.0
2026-02-04 21:45,4,22.2,0.331,0.0
2026-02-04 22:00,3,22.3,0.325,0.0
2026-02-04 22:15,0,22.8,0.323,0.0
2026-02-04 22:30,3,22.1,0.329,0.0
2026-02-04 22:45,2,21.8,0.322,0.0
2026-02-04 23:00,0,21.9,0.342,0.0
2026-02-04 23:15,6,21.5,0.344,0.0
2026-02-04 23:30,2,21.5,0.315,0.0
2026-02-04 23:45,5,22.5,0.322,0.0
2026-02-05 00:00,3,21.7,0.338,0.0
2026-02-05 00:15,6,21.7,0.328,0.0
2026-02-05 00:30,1,22.4,0.332,0.0
2026-02-05 00:45,7,21.3,0.321,0.0
2026-02-05 01:00,4,21.1,0.338,0.0
2026-02-05 01:15,0,21.5,0.345,0.0
2026-02-05 01:30,2,22.4,0.352,0.0
2026-02-05 01:45,5,21.9,0.363,0.0
2026-02-05 02:00,6,21.6,0.357,0.0
2026-02-05 02:15,0,22.4,0.353,0.0
2026-02-05 02:30,3,21.8,0.363,0.0
2026-02-05 02:45,9,22.7,0.343,0.0
2026-02-05 03:00,6,22.4,0.336,0.0
2026-02-05 03:15,7,21.8,0.346,0.0
2026-02-05 03:30,6,21.7,0.354,0.0
2026-02-05 03:45,8,21.8,0.351,0.0
2026-02-05 04:00,1,22.9,0.34,0.0
2026-02-05 04:15,9,20.8,0.345,0.0
2026-02-05 04:30,0,22.2,0.36,0.0
2026-02-05 04:45,9,22.4,0.342,0.0
2026-02-05 05:00,2,21.7,0.353,0.0
2026-02-05 05:15,6,22.4,0.357,0.0
2026-02-05 05:30,5,21.7,0.359,0.0
2026-02-05 05:45,3,21.9,0.348,0.0
2026-02-05 06:00,-8,21.7,0.352,0.0
2026-02-05 06:15,-50,22.1,0.368,0.0
2026-02-05 06:30,-45,21.8,0.361,0.0
2026-02-05 06:45,-50,21.4,0.367,0.0
2026-02-05 07:00,879,28.2,0.359,1.61
2026-02-05 07:15,946,28.2,0.358,1.74
2026-02-05 07:30,812,27.3,0.387,1.45
2026-02-05 07:45,928,29.2,0.357,1.69
2026-02-05 08:00,1882,35.9,0.363,3.45
2026-02-05 08:15,1811,35.0,0.376,3.31
2026-02-05 08:30,1752,33.7,0.373,3.22
2026-02-05 08:45,1726,33.2,0.353,3.21
2026-02-05 09:00,2443,38.0,0.353,4.55
2026-02-05 09:15,2477,38.9,0.375,4.56
2026-02-05 09:30,2447,37.9,0.361,4.55
2026-02-05 09:45,2478,37.5,0.362,4.61
2026-02-05 10:00,2963,41.2,0.384,5.47
2026-02-05 10:15,3090,42.4,0.364,5.74
2026-02-05 10:30,2991,42.7,0.367,5.53
2026-02-05 10:45,3090,41.8,0.38,5.72
2026-02-05 11:00,3366,44.7,0.363,6.24
2026-02-05 11:15,3368,43.8,0.382,6.24
2026-02-05 11:30,3356,45.4,0.379,6.19
2026-02-05 11:45,3524,45.9,0.375,6.52
2026-02-05 12:00,3586,45.4,0.385,6.64
2026-02-05 12:15,3549,45.7,0.365,6.59
2026-02-05 12:30,3443,44.7,0.388,6.36
2026-02-05 12:45,3508,45.7,0.372,6.49
2026-02-05 13:00,3443,45.2,0.391,6.34
2026-02-05 13:15,3431,45.7,0.368,6.35
2026-02-05 13:30,3387,44.1,0.377,6.28
2026-02-05 13:45,3363,44.4,0.375,6.23
2026-02-05 14:00,3042,42.2,0.395,5.6
2026-02-05 14:15,3038,41.6,0.393,5.6
2026-02-05 14:30,3017,41.6,0.386,5.57
2026-02-05 14:45,3036,43.2,0.39,5.57
2026-02-05 15:00,2447,38.9,0.382,4.49
2026-02-05 15:15,2551,38.9,0.386,4.7
2026-02-05 15:30,2420,38.1,0.389,4.45
2026-02-05 15:45,2501,38.9,0.39,4.59
2026-02-05 16:00,1674,33.5,0.398,3.03
2026-02-05 16:15,1696,32.8,0.372,3.13
2026-02-05 16:30,1777,34.9,0.401,3.2
2026-02-05 16:45,1736,33.9,0.395,3.15
2026-02-05 17:00,920,27.9,0.377,1.67
2026-02-05 17:15,908,28.0,0.388,1.62
2026-02-05 17:30,902,27.6,0.396,1.61
2026-02-05 17:45,969,28.3,0.399,1.72
2026-02-05 18:00,47,23.0,0.4,0.0
2026-02-05 18:15,-45,21.8,0.401,0.0
2026-02-05 18:30,-30,21.8,0.39,0.0
2026-02-05 18:45,36,22.6,0.396,0.0
2026-02-05 19:00,8,21.8,0.382,0.0
2026-02-05 19:15,3,21.1,0.391,0.0
2026-02-05 19:30,9,22.3,0.385,0.0
2026-02-05 19:45,6,22.4,0.387,0.0
2026-02-05 20:00,2,22.3,0.402,0.0
2026-02-05 20:15,4,22.3,0.406,0.0
2026-02-05 20:30,3,21.9,0.401,0.0
2026-02-05 20:45,4,22.6,0.4,0.0
2026-02-05 21:00,9,22.2,0.397,0.0
2026-02-05 21:15,0,21.0,0.405,0.0
2026-02-05 21:30,4,21.8,0.403,0.0
2026-02-05 21:45,4,22.9,0.412,0.0
2026-02-05 22:00,8,22.1,0.405,0.0
2026-02-05 22:15,9,21.5,0.416,0.0
2026-02-05 22:30,7,22.0,0.403,0.0
2026-02-05 22:45,4,21.7,0.402,0.0
2026-02-05 23:00,8,22.2,0.418,0.0
2026-02-05 23:15,6,21.5,0.412,0.0
2026-02-05 23:30,5,20.6,0.414,0.0
2026-02-05 23:45,6,21.8,0.399,0.0
2026-02-06 00:00,9,22.5,0.41,0.0
2026-02-06 00:15,0,21.6,0.419,0.0
2026-02-06 00:30,6,21.5,0.424,0.0
2026-02-06 00:45,7,22.7,0.408,0.0
2026-02-06 01:00,3,21.9,0.414,0.0
2026-02-06 01:15,8,22.0,0.406,0.0
2026-02-06 01:30,9,21.8,0.424,0.0
2026-02-06 01:45,8,22.1,0.429,0.0
2026-02-06 02:00,0,21.6,0.413,0.0
2026-02-06 02:15,1,21.6,0.437,0.0
2026-02-06 02:30,1,22.7,0.404,0.0
2026-02-06 02:45,6,22.2,0.419,0.0
2026-02-06 03:00,7,22.9,0.418,0.0
2026-02-06 03:15,8,22.3,0.436,0.0
2026-02-06 03:30,2,22.0,0.423,0.0
2026-02-06 03:45,9,22.2,0.42,0.0
2026-02-06 04:00,6,22.4,0.43,0.0
2026-02-06 04:15,7,22.4,0.415,0.0
2026-02-06 04:30,6,21.1,0.439,0.0
2026-02-06 04:45,7,22.4,0.432,0.0
2026-02-06 05:00,2,21.6,0.424,0.0
2026-02-06 05:15,0,21.9,0.433,0.0
2026-02-06 05:30,3,21.5,0.414,0.0
2026-02-06 05:45,1,22.0,0.435,0.0
2026-02-06 06:00,-57,22.5,0.442,0.0
2026-02-06 06:15,-33,22.5,0.446,0.0
2026-02-06 06:30,-7,21.7,0.432,0.0
2026-02-06 06:45,-7,21.7,0.431,0.0
2026-02-06 07:00,968,28.7,0.445,1.64
2026-02-06 07:15,836,28.1,0.441,1.4
2026-02-06 07:30,984,28.5,0.452,1.67
2026-02-06 07:45,919,27.7,0.447,1.56
2026-02-06 08:00,1804,33.9,0.439,3.22
2026-02-06 08:15,1780,33.4,0.459,3.15
2026-02-06 08:30,1755,33.1,0.443,3.13
2026-02-06 08:45,1746,32.9,0.448,3.11
2026-02-06 09:00,2462,37.9,0.439,4.46
2026-02-06 09:15,2539,38.9,0.451,4.57
2026-02-06 09:30,2467,38.6,0.444,4.45
2026-02-06 09:45,2461,38.0,0.459,4.42
2026-02-06 10:00,3009,42.0,0.441,5.47
2026-02-06 10:15,3055,43.5,0.454,5.51
2026-02-06 10:30,3076,41.9,0.462,5.57
2026-02-06 10:45,3038,42.8,0.441,5.51
2026-02-06 11:00,3421,45.1,0.451,6.21
2026-02-06 11:15,3319,44.0,0.459,6.02
2026-02-06 11:30,3420,44.7,0.46,6.21
2026-02-06 11:45,3392,45.1,0.468,6.13
2026-02-06 12:00,3472,44.6,0.47,6.3
2026-02-06 12:15,3474,45.4,0.447,6.32
2026-02-06 12:30,3491,45.2,0.443,6.36
2026-02-06 12:45,3545,45.0,0.458,6.45
2026-02-06 13:00,3429,45.1,0.475,6.19
2026-02-06 13:15,3382,45.3,0.464,6.11
2026-02-06 13:30,3406,45.0,0.445,6.19
2026-02-06 13:45,3339,43.8,0.466,6.05
2026-02-06 14:00,3030,42.5,0.444,5.49
2026-02-06 14:15,3006,41.8,0.451,5.45
2026-02-06 14:30,3073,42.0,0.454,5.57
2026-02-06 14:45,3024,41.8,0.459,5.47
2026-02-06 15:00,2472,39.2,0.469,4.4
2026-02-06 15:15,2491,38.7,0.46,4.47
2026-02-06 15:30,2485,38.2,0.492,4.42
2026-02-06 15:45,2449,37.8,0.461,4.4
2026-02-06 16:00,1642,32.7,0.459,2.89
2026-02-06 16:15,1826,33.7,0.467,3.23
2026-02-06 16:30,1754,34.0,0.462,3.09
2026-02-06 16:45,1704,32.8,0.469,3.0
2026-02-06 17:00,939,28.6,0.451,1.58
2026-02-06 17:15,994,29.4,0.467,1.65
2026-02-06 17:30,908,27.6,0.47,1.51
2026-02-06 17:45,929,28.8,0.469,1.53
2026-02-06 18:00,44,21.6,0.472,0.0
2026-02-06 18:15,115,23.2,0.467,0.0
2026-02-06 18:30,0,22.6,0.478,0.0
2026-02-06 18:45,-52,22.0,0.494,0.0
2026-02-06 19:00,8,21.5,0.474,0.0
2026-02-06 19:15,6,21.7,0.486,0.0
2026-02-06 19:30,7,22.4,0.472,0.0
2026-02-06 19:45,8,22.3,0.465,0.0
2026-02-06 20:00,0,22.3,0.476,0.0
2026-02-06 20:15,0,22.2,0.492,0.0
2026-02-06 20:30,1,22.7,0.482,0.0
2026-02-06 20:45,6,22.0,0.467,0.0
2026-02-06 21:00,5,21.8,0.462,0.0
2026-02-06 21:15,0,22.0,0.506,0.0
2026-02-06 21:30,6,23.0,0.489,0.0
2026-02-06 21:45,1,21.9,0.497,0.0
2026-02-06 22:00,8,21.8,0.492,0.0
2026-02-06 22:15,6,22.2,0.492,0.0
2026-02-06 22:30,8,22.0,0.498,0.0
2026-02-06 22:45,5,22.1,0.505,0.0
2026-02-06 23:00,1,22.7,0.501,0.0
2026-02-06 23:15,1,22.1,0.494,0.0
2026-02-06 23:30,9,21.9,0.496,0.0
2026-02-06 23:45,3,22.4,0.493,0.0
2026-02-07 00:00,9,21.5,0.509,0.0
2026-02-07 00:15,5,22.2,0.504,0.0
2026-02-07 00:30,0,21.9,0.501,0.0
2026-02-07 00:45,7,22.0,0.483,0.0
2026-02-07 01:00,9,22.0,0.503,0.0
2026-02-07 01:15,1,22.0,0.491,0.0
2026-02-07 01:30,6,21.9,0.493,0.0
2026-02-07 01:45,4,22.7,0.494,0.0
2026-02-07 02:00,3,21.5,0.501,0.0
2026-02-07 02:15,1,22.7,0.492,0.0
2026-02-07 02:30,2,22.7,0.514,0.0
2026-02-07 02:45,9,22.4,0.491,0.0
2026-02-07 03:00,5,22.4,0.502,0.0
2026-02-07 03:15,1,22.5,0.502,0.0
2026-02-07 03:30,4,21.8,0.515,0.0
2026-02-07 03:45,1,22.0,0.507,0.0
2026-02-07 04:00,7,23.2,0.512,0.0
2026-02-07 04:15,6,22.1,0.496,0.0
2026-02-07 04:30,6,21.3,0.507,0.0
2026-02-07 04:45,9,23.2,0.526,0.0
2026-02-07 05:00,8,22.3,0.509,0.0
2026-02-07 05:15,8,22.4,0.508,0.0
2026-02-07 05:30,5,22.3,0.504,0.0
2026-02-07 05:45,5,23.1,0.499,0.0
2026-02-07 06:00,62,22.0,0.509,0.0
2026-02-07 06:15,-36,22.0,0.503,0.0
2026-02-07 06:30,34,22.3,0.513,0.0
2026-02-07 06:45,-22,21.4,0.531,0.0
2026-02-07 07:00,804,28.0,0.52,1.22
2026-02-07 07:15,854,28.3,0.515,1.32
2026-02-07 07:30,866,27.9,0.507,1.36
2026-02-07 07:45,950,29.9,0.518,1.47
2026-02-07 08:00,1751,34.5,0.526,2.97
2026-02-07 08:15,1715,34.1,0.537,2.89
2026-02-07 08:30,1739,32.8,0.512,3.0
2026-02-07 08:45,1646,33.0,0.525,2.79
2026-02-07 09:00,2424,38.4,0.52,4.25
2026-02-07 09:15,2491,38.7,0.522,4.38
2026-02-07 09:30,2479,38.6,0.509,4.37
2026-02-07 09:45,2438,38.5,0.519,4.28
2026-02-07 10:00,3060,41.8,0.517,5.46
2026-02-07 10:15,3021,42.4,0.518,5.37
2026-02-07 10:30,3038,42.2,0.522,5.4
2026-02-07 10:45,3003,42.1,0.546,5.3
2026-02-07 11:00,3320,43.9,0.509,5.95
2026-02-07 11:15,3382,43.4,0.535,6.04
2026-02-07 11:30,3338,43.8,0.53,5.96
2026-02-07 11:45,3465,45.9,0.545,6.15
2026-02-07 12:00,3455,46.0,0.533,6.14
2026-02-07 12:15,3517,46.3,0.542,6.24
2026-02-07 12:30,3543,46.4,0.542,6.29
2026-02-07 12:45,3537,46.4,0.534,6.29
2026-02-07 13:00,3438,44.8,0.531,6.13
2026-02-07 13:15,3467,44.8,0.521,6.21
2026-02-07 13:30,3359,44.0,0.542,5.97
2026-02-07 13:45,3334,44.3,0.526,5.94
2026-02-07 14:00,2985,42.0,0.525,5.29
2026-02-07 14:15,2957,41.7,0.532,5.23
2026-02-07 14:30,3063,42.1,0.531,5.44
2026-02-07 14:45,3061,41.8,0.545,5.42
2026-02-07 15:00,2490,38.5,0.541,4.35
2026-02-07 15:15,2460,38.2,0.542,4.29
2026-02-07 15:30,2496,38.7,0.513,4.4
2026-02-07 15:45,2472,37.5,0.532,4.35
2026-02-07 16:00,1677,33.9,0.547,2.81
2026-02-07 16:15,1738,33.9,0.551,2.92
2026-02-07 16:30,1721,33.6,0.558,2.88
2026-02-07 16:45,1721,33.2,0.559,2.89
2026-02-07 17:00,950,29.2,0.558,1.43
2026-02-07 17:15,932,27.7,0.536,1.46
2026-02-07 17:30,910,28.0,0.544,1.39
2026-02-07 17:45,1042,28.8,0.554,1.63
2026-02-07 18:00,-32,21.8,0.552,0.0
2026-02-07 18:15,26,21.7,0.549,0.0
2026-02-07 18:30,17,23.1,0.556,0.0
2026-02-07 18:45,-34,21.6,0.555,0.0
2026-02-07 19:00,7,21.7,0.551,0.0
2026-02-07 19:15,7,22.6,0.546,0.0
2026-02-07 19:30,9,21.2,0.554,0.0
2026-02-07 19:45,7,21.5,0.563,0.0
2026-02-07 20:00,8,21.9,0.532,0.0
2026-02-07 20:15,8,22.1,0.563,0.0
2026-02-07 20:30,2,22.1,0.571,0.0
2026-02-07 20:45,5,22.5,0.554,0.0
2026-02-07 21:00,1,21.5,0.575,0.0
2026-02-07 21:15,4,22.3,0.562,0.0
2026-02-07 21:30,0,21.4,0.545,0.0
2026-02-07 21:45,3,21.6,0.555,0.0
2026-02-07 22:00,4,21.9,0.557,0.0
2026-02-07 22:15,1,22.0,0.573,0.0
2026-02-07 22:30,8,20.8,0.556,0.0
2026-02-07 22:45,7,21.9,0.56,0.0
2026-02-07 23:00,8,23.3,0.559,0.0
2026-02-07 23:15,0,22.6,0.571,0.0
2026-02-07 23:30,2,22.9,0.594,0.0
2026-02-07 23:45,6,22.9,0.58,0.0
2026-02-08 00:00,4,22.0,0.572,0.0
2026-02-08 00:15,6,22.3,0.579,0.0
2026-02-08 00:30,0,21.1,0.562,0.0
2026-02-08 00:45,3,21.1,0.571,0.0
2026-02-08 01:00,3,21.8,0.585,0.0
2026-02-08 01:15,2,21.2,0.575,0.0
2026-02-08 01:30,9,22.5,0.557,0.0
2026-02-08 01:45,6,23.3,0.561,0.0
2026-02-08 02:00,8,22.6,0.592,0.0
2026-02-08 02:15,0,22.4,0.581,0.0
2026-02-08 02:30,0,22.1,0.579,0.0
2026-02-08 02:45,0,21.5,0.583,0.0
2026-02-08 03:00,3,22.2,0.583,0.0
2026-02-08 03:15,4,21.9,0.591,0.0
2026-02-08 03:30,3,22.1,0.599,0.0
2026-02-08 03:45,1,23.0,0.569,0.0
2026-02-08 04:00,9,21.7,0.583,0.0
2026-02-08 04:15,8,22.7,0.584,0.0
2026-02-08 04:30,9,21.9,0.6,0.0
2026-02-08 04:45,2,21.7,0.586,0.0
2026-02-08 05:00,1,21.5,0.597,0.0
2026-02-08 05:15,3,21.7,0.608,0.0
2026-02-08 05:30,4,20.7,0.587,0.0
2026-02-08 05:45,7,21.7,0.582,0.0
2026-02-08 06:00,104,22.0,0.586,0.0
2026-02-08 06:15,76,22.3,0.586,0.0
2026-02-08 06:30,39,20.9,0.602,0.0
2026-02-08 06:45,21,21.6,0.592,0.0
2026-02-08 07:00,885,28.7,0.585,1.27
2026-02-08 07:15,899,27.7,0.585,1.32
2026-02-08 07:30,934,28.2,0.575,1.39
2026-02-08 07:45,894,28.3,0.613,1.25
2026-02-08 08:00,1779,34.7,0.592,2.93
2026-02-08 08:15,1757,33.2,0.603,2.9
2026-02-08 08:30,1768,33.6,0.595,2.92
2026-02-08 08:45,1814,33.5,0.599,3.01
2026-02-08 09:00,2475,39.3,0.596,4.22
2026-02-08 09:15,2472,38.4,0.613,4.21
2026-02-08 09:30,2455,38.9,0.611,4.16
2026-02-08 09:45,2375,37.9,0.597,4.05
2026-02-08 10:00,3086,42.6,0.578,5.4
2026-02-08 10:15,3052,41.9,0.608,5.3
2026-02-08 10:30,3080,42.4,0.593,5.37
2026-02-08 10:45,3180,41.9,0.599,5.57
2026-02-08 11:00,3300,44.3,0.604,5.76
2026-02-08 11:15,3346,44.3,0.611,5.84
2026-02-08 11:30,3401,44.5,0.632,5.91
2026-02-08 11:45,3401,44.5,0.598,5.97
2026-02-08 12:00,3494,44.9,0.601,6.14
2026-02-08 12:15,3455,44.9,0.604,6.06
2026-02-08 12:30,3494,45.5,0.611,6.11
2026-02-08 12:45,3558,46.1,0.615,6.22
2026-02-08 13:00,3371,43.9,0.625,5.88
2026-02-08 13:15,3376,44.3,0.611,5.9
2026-02-08 13:30,3318,44.1,0.609,5.79
2026-02-08 13:45,3382,44.4,0.602,5.92
2026-02-08 14:00,2973,42.0,0.615,5.13
2026-02-08 14:15,3006,41.7,0.604,5.22
2026-02-08 14:30,3086,42.6,0.617,5.35
2026-02-08 14:45,3040,42.5,0.618,5.25
2026-02-08 15:00,2476,38.4,0.62,4.2
2026-02-08 15:15,2453,38.5,0.617,4.16
2026-02-08 15:30,2447,38.0,0.595,4.19
2026-02-08 15:45,2442,38.2,0.619,4.14
2026-02-08 16:00,1680,33.5,0.617,2.71
2026-02-08 16:15,1796,33.8,0.623,2.93
2026-02-08 16:30,1770,34.1,0.614,2.89
2026-02-08 16:45,1701,33.1,0.625,2.75
2026-02-08 17:00,1005,28.5,0.603,1.48
2026-02-08 17:15,903,27.9,0.622,1.26
2026-02-08 17:30,888,26.9,0.618,1.26
2026-02-08 17:45,1036,28.5,0.625,1.52
2026-02-08 18:00,8,22.6,0.606,0.0
2026-02-08 18:15,-39,21.6,0.632,0.0
2026-02-08 18:30,-32,21.5,0.622,0.0
2026-02-08 18:45,-85,22.2,0.632,0.0
2026-02-08 19:00,6,23.1,0.644,0.0
2026-02-08 19:15,8,22.3,0.626,0.0
2026-02-08 19:30,6,21.5,0.613,0.0
2026-02-08 19:45,0,21.4,0.638,0.0
2026-02-08 20:00,5,21.7,0.638,0.0
2026-02-08 20:15,2,21.4,0.626,0.0
2026-02-08 20:30,7,21.7,0.637,0.0
2026-02-08 20:45,4,21.9,0.628,0.0
2026-02-08 21:00,2,22.5,0.618,0.0
2026-02-08 21:15,8,21.5,0.63,0.0
2026-02-08 21:30,9,21.6,0.645,0.0
2026-02-08 21:45,3,22.2,0.63,0.0
2026-02-08 22:00,6,21.5,0.623,0.0
2026-02-08 22:15,9,21.9,0.634,0.0
2026-02-08 22:30,7,21.7,0.65,0.0
2026-02-08 22:45,5,22.5,0.657,0.0
2026-02-08 23:00,3,22.5,0.64,0.0
2026-02-08 23:15,5,22.2,0.641,0.0
2026-02-08 23:30,5,21.9,0.638,0.0
2026-02-08 23:45,6,23.1,0.659,0.0
2026-02-09 00:00,3,20.8,0.639,0.0
2026-02-09 00:15,3,23.3,0.661,0.0
2026-02-09 00:30,9,22.6,0.659,0.0
2026-02-09 00:45,9,23.4,0.635,0.0
2026-02-09 01:00,9,21.4,0.645,0.0
2026-02-09 01:15,3,21.8,0.671,0.0
2026-02-09 01:30,0,21.8,0.655,0.0
2026-02-09 01:45,0,22.6,0.649,0.0
2026-02-09 02:00,6,21.8,0.647,0.0
2026-02-09 02:15,7,22.4,0.648,0.0
2026-02-09 02:30,6,21.6,0.649,0.0
2026-02-09 02:45,1,21.9,0.644,0.0
2026-02-09 03:00,8,21.6,0.65,0.0
2026-02-09 03:15,6,22.7,0.663,0.0
2026-02-09 03:30,1,22.3,0.656,0.0
2026-02-09 03:45,4,22.5,0.658,0.0
2026-02-09 04:00,8,21.3,0.662,0.0
2026-02-09 04:15,8,21.6,0.661,0.0
2026-02-09 04:30,7,21.7,0.674,0.0
2026-02-09 04:45,9,21.7,0.687,0.0
2026-02-09 05:00,9,22.2,0.66,0.0
2026-02-09 05:15,3,22.3,0.679,0.0
2026-02-09 05:30,5,21.7,0.655,0.0
2026-02-09 05:45,7,21.4,0.669,0.0
2026-02-09 06:00,17,21.2,0.667,0.0
2026-02-09 06:15,18,21.3,0.651,0.0
2026-02-09 06:30,-7,21.9,0.674,0.0
2026-02-09 06:45,95,23.5,0.66,0.0
2026-02-09 07:00,898,28.5,0.684,1.15
2026-02-09 07:15,989,29.1,0.676,1.33
2026-02-09 07:30,919,27.3,0.674,1.23
2026-02-09 07:45,885,28.2,0.663,1.16
2026-02-09 08:00,1753,33.0,0.654,2.81
2026-02-09 08:15,1746,32.6,0.683,2.77
2026-02-09 08:30,1718,34.1,0.667,2.7
2026-02-09 08:45,1643,32.2,0.677,2.58
2026-02-09 09:00,2573,39.1,0.677,4.3
2026-02-09 09:15,2386,37.7,0.68,3.95
2026-02-09 09:30,2507,38.6,0.684,4.17
2026-02-09 09:45,2467,37.8,0.686,4.1
2026-02-09 10:00,3126,42.8,0.676,5.33
2026-02-09 10:15,3074,43.6,0.694,5.18
2026-02-09 10:30,3043,43.1,0.659,5.19
2026-02-09 10:45,3000,41.8,0.669,5.11
2026-02-09 11:00,3357,44.5,0.674,5.76
2026-02-09 11:15,3330,44.2,0.666,5.73
2026-02-09 11:30,3447,45.1,0.674,5.93
2026-02-09 11:45,3407,44.7,0.68,5.85
2026-02-09 12:00,3467,44.8,0.68,5.97
2026-02-09 12:15,3573,45.9,0.69,6.14
2026-02-09 12:30,3605,46.6,0.685,6.2
2026-02-09 12:45,3505,46.0,0.682,6.02
2026-02-09 13:00,3393,44.5,0.706,5.79
2026-02-09 13:15,3400,44.7,0.685,5.83
2026-02-09 13:30,3339,44.5,0.675,5.73
2026-02-09 13:45,3323,43.7,0.705,5.66
2026-02-09 14:00,3069,41.9,0.702,5.2
2026-02-09 14:15,3001,42.3,0.687,5.07
2026-02-09 14:30,3031,41.5,0.677,5.17
2026-02-09 14:45,3017,41.8,0.689,5.11
2026-02-09 15:00,2473,37.6,0.703,4.09
2026-02-09 15:15,2432,38.4,0.701,3.99
2026-02-09 15:30,2450,38.9,0.689,4.04
2026-02-09 15:45,2459,37.1,0.715,4.05
2026-02-09 16:00,1733,32.3,0.7,2.72
2026-02-09 16:15,1780,33.4,0.694,2.8
2026-02-09 16:30,1684,33.2,0.689,2.62
2026-02-09 16:45,1657,32.5,0.687,2.58
2026-02-09 17:00,926,28.1,0.692,1.2
2026-02-09 17:15,966,28.9,0.729,1.21
2026-02-09 17:30,837,28.7,0.697,1.0
2026-02-09 17:45,846,27.0,0.712,1.03
2026-02-09 18:00,71,22.5,0.688,0.0
2026-02-09 18:15,33,22.1,0.7,0.0
2026-02-09 18:30,-20,22.0,0.693,0.0
2026-02-09 18:45,5,21.9,0.724,0.0
2026-02-09 19:00,7,22.3,0.705,0.0
2026-02-09 19:15,8,22.0,0.672,0.0
2026-02-09 19:30,4,23.8,0.718,0.0
2026-02-09 19:45,9,21.1,0.712,0.0
2026-02-09 20:00,1,22.1,0.707,0.0
2026-02-09 20:15,6,22.3,0.71,0.0
2026-02-09 20:30,8,22.5,0.704,0.0
2026-02-09 20:45,7,22.8,0.712,0.0
2026-02-09 21:00,6,21.3,0.714,0.0
2026-02-09 21:15,4,21.8,0.717,0.0
2026-02-09 21:30,3,22.0,0.696,0.0
2026-02-09 21:45,6,22.7,0.718,0.0
2026-02-09 22:00,6,22.0,0.723,0.0
2026-02-09 22:15,0,21.8,0.741,0.0
2026-02-09 22:30,0,22.3,0.714,0.0
2026-02-09 22:45,5,22.8,0.733,0.0
2026-02-09 23:00,1,22.1,0.716,0.0
2026-02-09 23:15,0,22.4,0.712,0.0
2026-02-09 23:30,2,22.1,0.736,0.0
2026-02-09 23:45,7,22.4,0.734,0.0
2026-02-10 00:00,9,22.1,0.708,0.0
2026-02-10 00:15,1,22.2,0.734,0.0
2026-02-10 00:30,0,22.1,0.724,0.0
2026-02-10 00:45,0,21.6,0.731,0.0
2026-02-10 01:00,9,22.2,0.738,0.0
2026-02-10 01:15,7,21.4,0.723,0.0
2026-02-10 01:30,2,20.9,0.721,0.0
2026-02-10 01:45,2,22.1,0.746,0.0
2026-02-10 02:00,5,22.4,0.733,0.0
2026-02-10 02:15,0,22.4,0.728,0.0
2026-02-10 02:30,5,22.8,0.745,0.0
2026-02-10 02:45,4,22.3,0.729,0.0
2026-02-10 03:00,8,22.2,0.732,0.0
2026-02-10 03:15,8,22.7,0.726,0.0
2026-02-10 03:30,9,22.3,0.731,0.0
2026-02-10 03:45,0,22.0,0.735,0.0
2026-02-10 04:00,0,22.3,0.726,0.0
2026-02-10 04:15,5,21.1,0.743,0.0
2026-02-10 04:30,0,21.3,0.741,0.0
2026-02-10 04:45,4,22.4,0.723,0.0
2026-02-10 05:00,5,22.3,0.736,0.0
2026-02-10 05:15,1,22.3,0.759,0.0
2026-02-10 05:30,9,22.5,0.736,0.0
2026-02-10 05:45,3,21.8,0.757,0.0
2026-02-10 06:00,37,21.9,0.723,0.0
2026-02-10 06:15,-24,22.1,0.751,0.0
2026-02-10 06:30,31,21.7,0.732,0.0
2026-02-10 06:45,-60,21.7,0.743,0.0
2026-02-10 07:00,908,28.0,0.733,1.11
2026-02-10 07:15,868,27.4,0.747,1.02
2026-02-10 07:30,900,27.7,0.743,1.08
2026-02-10 07:45,880,28.5,0.741,1.03
2026-02-10 08:00,1788,32.6,0.745,2.76
2026-02-10 08:15,1784,34.0,0.747,2.72
2026-02-10 08:30,1765,33.8,0.749,2.68
2026-02-10 08:45,1810,34.0,0.743,2.77
2026-02-10 09:00,2455,38.2,0.743,3.98
2026-02-10 09:15,2440,38.6,0.75,3.93
2026-02-10 09:30,2452,38.6,0.763,3.94
2026-02-10 09:45,2388,37.9,0.757,3.83
2026-02-10 10:00,3040,42.1,0.751,5.06
2026-02-10 10:15,3066,42.4,0.746,5.12
2026-02-10 10:30,2988,42.2,0.753,4.95
2026-02-10 10:45,3043,42.5,0.776,5.02
2026-02-10 11:00,3281,44.5,0.754,5.49
2026-02-10 11:15,3372,45.1,0.759,5.65
2026-02-10 11:30,3340,43.1,0.758,5.63
2026-02-10 11:45,3392,43.9,0.762,5.71
2026-02-10 12:00,3452,45.7,0.76,5.8
2026-02-10 12:15,3509,45.0,0.735,5.96
2026-02-10 12:30,3437,44.9,0.759,5.79
2026-02-10 12:45,3530,46.1,0.766,5.94
2026-02-10 13:00,3411,44.1,0.763,5.75
2026-02-10 13:15,3321,44.7,0.749,5.57
2026-02-10 13:30,3309,43.7,0.75,5.57
2026-02-10 13:45,3402,45.0,0.758,5.72
2026-02-10 14:00,3078,42.5,0.776,5.09
2026-02-10 14:15,2987,42.0,0.756,4.95
2026-02-10 14:30,3008,41.3,0.766,4.99
2026-02-10 14:45,3063,41.5,0.762,5.1
2026-02-10 15:00,2417,39.8,0.761,3.85
2026-02-10 15:15,2535,39.0,0.771,4.08
2026-02-10 15:30,2497,38.8,0.775,4.01
2026-02-10 15:45,2502,38.0,0.789,4.01
2026-02-10 16:00,1636,32.9,0.751,2.44
2026-02-10 16:15,1799,33.5,0.778,2.71
2026-02-10 16:30,1729,32.9,0.792,2.56
2026-02-10 16:45,1795,33.2,0.782,2.7
2026-02-10 17:00,947,27.7,0.776,1.13
2026-02-10 17:15,939,28.1,0.761,1.13
2026-02-10 17:30,965,28.8,0.771,1.15
2026-02-10 17:45,888,27.8,0.786,0.99
2026-02-10 18:00,34,21.8,0.788,0.0
2026-02-10 18:15,33,22.6,0.774,0.0
2026-02-10 18:30,-44,21.8,0.772,0.0
2026-02-10 18:45,58,22.5,0.805,0.0
2026-02-10 19:00,7,21.0,0.798,0.0
2026-02-10 19:15,6,21.2,0.8,0.0
2026-02-10 19:30,9,22.9,0.798,0.0
2026-02-10 19:45,0,21.5,0.782,0.0
2026-02-10 20:00,9,22.4,0.781,0.0
2026-02-10 20:15,2,22.1,0.785,0.0
2026-02-10 20:30,5,22.4,0.788,0.0
2026-02-10 20:45,9,21.9,0.775,0.0
2026-02-10 21:00,8,22.7,0.774,0.0
2026-02-10 21:15,5,21.9,0.789,0.0
2026-02-10 21:30,0,22.0,0.796,0.0
2026-02-10 21:45,0,22.4,0.795,0.0
2026-02-10 22:00,8,22.4,0.79,0.0
2026-02-10 22:15,2,22.2,0.807,0.0
2026-02-10 22:30,7,22.4,0.786,0.0
2026-02-10 22:45,6,21.2,0.795,0.0
2026-02-10 23:00,2,22.0,0.804,0.0
2026-02-10 23:15,9,22.4,0.801,0.0
2026-02-10 23:30,5,23.1,0.786,0.0
2026-02-10 23:45,1,22.2,0.79,0.0
2026-02-11 00:00,6,22.4,0.807,0.0
2026-02-11 00:15,7,21.8,0.801,0.0
2026-02-11 00:30,2,22.6,0.808,0.0
2026-02-11 00:45,7,22.4,0.815,0.0
2026-02-11 01:00,3,22.7,0.794,0.0
2026-02-11 01:15,6,22.1,0.799,0.0
2026-02-11 01:30,7,22.0,0.798,0.0
2026-02-11 01:45,4,22.3,0.809,0.0
2026-02-11 02:00,6,22.3,0.805,0.0
2026-02-11 02:15,3,22.2,0.805,0.0
2026-02-11 02:30,0,22.2,0.814,0.0
2026-02-11 02:45,7,22.0,0.799,0.0
2026-02-11 03:00,7,21.1,0.816,0.0
2026-02-11 03:15,6,23.2,0.806,0.0
2026-02-11 03:30,0,23.1,0.802,0.0
2026-02-11 03:45,3,21.6,0.805,0.0
2026-02-11 04:00,1,20.9,0.815,0.0
2026-02-11 04:15,3,21.1,0.813,0.0
2026-02-11 04:30,2,22.1,0.825,0.0
2026-02-11 04:45,4,22.3,0.789,0.0
2026-02-11 05:00,3,22.1,0.81,0.0
2026-02-11 05:15,3,22.0,0.814,0.0
2026-02-11 05:30,8,22.4,0.81,0.0
2026-02-11 05:45,9,21.4,0.823,0.0
2026-02-11 06:00,65,22.1,0.816,0.0
2026-02-11 06:15,-52,22.3,0.806,0.0
2026-02-11 06:30,4,22.3,0.809,0.0
2026-02-11 06:45,93,22.4,0.819,0.0
2026-02-11 07:00,858,27.0,0.82,0.9
2026-02-11 07:15,916,27.5,0.826,0.99
2026-02-11 07:30,901,28.1,0.8,0.99
2026-02-11 07:45,978,29.5,0.83,1.07
2026-02-11 08:00,1695,33.3,0.812,2.46
2026-02-11 08:15,1871,34.1,0.836,2.76
2026-02-11 08:30,1823,34.0,0.832,2.67
2026-02-11 08:45,1824,34.6,0.814,2.68
2026-02-11 09:00,2461,38.5,0.821,3.87
2026-02-11 09:15,2591,39.4,0.832,4.1
2026-02-11 09:30,2416,37.9,0.83,3.78
2026-02-11 09:45,2432,37.9,0.816,3.83
2026-02-11 10:00,3155,42.9,0.821,5.17
2026-02-11 10:15,3043,42.0,0.831,4.95
2026-02-11 10:30,3157,42.9,0.825,5.17
2026-02-11 10:45,2984,41.4,0.839,4.83
2026-02-11 11:00,3430,44.1,0.837,5.67
2026-02-11 11:15,3382,44.3,0.828,5.59
2026-02-11 11:30,3404,45.5,0.836,5.6
2026-02-11 11:45,3374,43.6,0.828,5.58
2026-02-11 12:00,3561,45.0,0.832,5.92
2026-02-11 12:15,3538,45.0,0.837,5.87
2026-02-11 12:30,3459,44.5,0.83,5.73
2026-02-11 12:45,3522,46.3,0.819,5.84
2026-02-11 13:00,3315,43.7,0.848,5.43
2026-02-11 13:15,3421,45.2,0.83,5.64
2026-02-11 13:30,3329,44.2,0.829,5.48
2026-02-11 13:45,3434,46.8,0.848,5.61
2026-02-11 14:00,3117,42.4,0.853,5.06
2026-02-11 14:15,3035,42.3,0.838,4.92
2026-02-11 14:30,3100,42.8,0.843,5.03
2026-02-11 14:45,2970,42.6,0.83,4.79
2026-02-11 15:00,2460,38.9,0.849,3.82
2026-02-11 15:15,2462,39.3,0.848,3.82
2026-02-11 15:30,2419,37.2,0.845,3.78
2026-02-11 15:45,2489,39.1,0.847,3.88
